user_id,comp_id,value
1000099304.15053,159060,1
1000100269.15058,21897,1
1000283162.15055,10076,1
1000369228.15065,1,1
1000482787.15039,154960,1
10007308.1505114,6139,1
100101572.150031,4895,1
100109416.149908,4018,1
1001118563.1505,215053,1
1001336258.15049,9628,1
1001382793.15065,2333,1
1001391843.15047,6166,1
1001393646.15037,162212,1
1001527787.15042,351,1
1001760796.15039,244986,1
1001770164.15065,291088,1
1001779145.15035,36989,1
1001926229.14992,12020,1
1001986584.15058,166320,1
